{
	"credit": "Created by Stridey",
	"ambientocclusion": false,
	"textures": {
		"particle": "block/spruce_door_top",
		"front": "block/spruce_door_top",
		"sides": "block/spruce_door_sides",
		"fixes": "block/spruce_trapdoor_fixes"
	},
	"elements": [
		{
			"from": [0, 0, 0],
			"to": [3, 16, 3],
			"faces": {
				"north": {"uv": [0, 0, 3, 16], "texture": "#sides"},
				"east": {"uv": [3, 0, 0, 16], "texture": "#front"},
				"south": {"uv": [2, 0, 3, 16], "texture": "#front"},
				"west": {"uv": [0, 0, 3, 16], "texture": "#front"},
				"up": {"uv": [0, 0, 3, 1], "rotation": 90, "texture": "#front"}
			}
		},
		{
			"from": [0, 0, 4],
			"to": [3, 16, 6],
			"faces": {
				"north": {"uv": [5, 0, 4, 16], "texture": "#front"},
				"east": {"uv": [6, 0, 4, 16], "texture": "#front"},
				"south": {"uv": [5, 0, 6, 16], "texture": "#front"},
				"west": {"uv": [4, 0, 6, 16], "texture": "#front"},
				"up": {"uv": [4, 0, 6, 1], "rotation": 90, "texture": "#front"}
			}
		},
		{
			"from": [0, 0, 7],
			"to": [3, 16, 9],
			"faces": {
				"north": {"uv": [8, 0, 7, 16], "texture": "#front"},
				"east": {"uv": [9, 0, 7, 16], "texture": "#front"},
				"south": {"uv": [8, 0, 9, 16], "texture": "#front"},
				"west": {"uv": [7, 0, 9, 16], "texture": "#front"},
				"up": {"uv": [7, 0, 9, 1], "rotation": 90, "texture": "#front"}
			}
		},
		{
			"from": [0, 0, 10],
			"to": [3, 16, 12],
			"faces": {
				"north": {"uv": [11, 0, 10, 16], "texture": "#front"},
				"east": {"uv": [12, 0, 10, 16], "texture": "#front"},
				"south": {"uv": [11, 0, 12, 16], "texture": "#front"},
				"west": {"uv": [10, 0, 12, 16], "texture": "#front"},
				"up": {"uv": [10, 0, 12, 1], "rotation": 90, "texture": "#front"}
			}
		},
		{
			"from": [0, 0, 13],
			"to": [3, 16, 16],
			"faces": {
				"north": {"uv": [14, 0, 13, 16], "texture": "#front"},
				"east": {"uv": [16, 0, 13, 16], "texture": "#front"},
				"south": {"uv": [6, 0, 9, 16], "texture": "#sides"},
				"west": {"uv": [13, 0, 16, 16], "texture": "#front"},
				"up": {"uv": [13, 0, 16, 1], "rotation": 90, "texture": "#front"}
			}
		},
		{
			"from": [0.5, 0, 3],
			"to": [2.5, 16, 13],
			"faces": {
				"east": {"uv": [3, 0, 4, 16], "texture": "#front"},
				"west": {"uv": [3, 0, 13, 16], "texture": "#front"},
				"up": {"uv": [3, 10, 13, 11], "rotation": 90, "texture": "#fixes"}
			}
		}
	]
}